"노선번호","노선ID"
"40-5","239000005"
"43","239000006"
"40-6","239000007"
"30-5","239000010"
"30-3","239000011"
"80","239000012"
"30-6","239000013"
"40-2","239000014"
"1330-44","239000024"
"73-1","239000031"
"10-4","239000032"
"12","239000033"
"10-6","239000036"
"74-1","239000038"
"40-4","239000040"
"74-2","239000041"
"20-1","239000044"
"20-3","239000045"
"60-29","239000047"
"71-1","239000048"
"30-4","239000055"
"71-3","239000058"
"20-2","239000065"
"20-5","239000068"
"20-4","239000072"
"30-7","239000078"
"30-2","239000082"
"10-7","239000084"
"71-4","239000101"
"8005","239000104"
"8005","239000104"
"8005","239000104"
"1330-2","239000110"
"1330-4","239000111"
"15","239000112"
"60-19","239000120"
"60-10","239000121"
"41","239000129"
"1330-3","239000135"
"40-8","239000138"
"7000","239000139"
"7000","239000139"
"7000","239000139"
"7001","239000140"
"7001","239000140"
"7002","239000141"
"7002","239000141"
"7002","239000141"
"30-8","239000142"
"71-2","239000143"
"74-3","239000144"
"15-3","239000145"
"15-1","239000146"
"15-2","239000147"
"15-4","239000148"
"15-5","239000149"
"23-1","239000153"
"60-30","239000154"
"20-6","239000156"
"30","239000157"
"44","239000158"
"60","239000159"
"85","218000001"
"97","218000006"
"1001","218000007"
"1500","218000010"
"1100","218000011"
"1100","218000011"
"88A","218000018"
"88A","218000018"
"88A","218000018"
"88B","218000019"
"88B","218000019"
"88B","218000019"
"60","218000107"
"60","218000107"
"999","218000111"
"M7646","218000112"
"M7646","218000112"
"730","218000116"
"65","218000125"
"고양똑버스01","218000127"
"67","218000130"
"100","218000133"
"100","218000133"
"81","218000134"
"81","218000134"
"81","218000134"
"83","218000135"
"83","218000135"
"87","218000144"
"50","218000145"
"50","218000145"
"89","218000147"
"89","218000147"
"99","218000148"
"99","218000148"
"98","218000149"
"98","218000149"
"69","218000150"
"69","218000150"
"3800","218000151"
"3800","218000151"
"M7119","218000155"
"고양똑버스04","218000157"
"M7731","218000158"
"고양똑버스03","218000161"
"84","218000162"
"7602","218000164"
"7602","218000164"
"11","219000001"
"82","219000005"
"1082","219000006"
"55","219000008"
"55","219000008"
"1000","219000013"
"1000","219000013"
"1000","219000013"
"921","219000015"
"1200","219000016"
"1200","219000016"
"3300","219000025"
"9700","219000026"
"1900","219000027"
"1900","219000027"
"830","229000017"
"830","229000017"
"66","229000018"
"790","229000060"
"850","229000063"
"799","229000071"
"96","232000003"
"95","232000004"
"N001","241210001"
"N002","241210002"
"N002","241210002"
"N003","241210003"
"N005","241210005"
"N007","241210007"
"N007","241210007"
"017A","241227002"
"017A","241227002"
"019","241227003"
"019","241227003"
"025","241293001"
"025","241293001"
"026","241293002"
"026","241293002"
"036","241293003"
"037","241293004"
"037","241293004"
"059","241293006"
"088","241293007"
"060","241294002"
"065","241298003"
"057","241299002"
"057","241299002"
"056","241299005"
"056","241299005"
"062A","241299006"
"062B","241299007"
"018","241304002"
"018","241304002"
"012","241304005"
"012","241304005"
"016","241304006"
"016","241304006"
"013","241304707"
"013","241304707"
"077A","241306001"
"077A","241306001"
"077B","241306002"
"093","241306703"
"093","241306703"
"094","241306704"
"011","241308701"
"066","241309001"
"035","241312008"
"035","241312008"
"030","241312013"
"030","241312013"
"022A","241312014"
"022A","241312014"
"023","241312015"
"023","241312015"
"024A","241312016"
"024A","241312016"
"024B","241312017"
"024B","241312017"
"022B","241312018"
"022B","241312018"
"054","241312019"
"054","241312019"
"064","241312020"
"064","241312020"
"027","241313001"
"028","241313002"
"029A","241313003"
"029B","241313004"
"029B","241313004"
"015","241313005"
"021","241314001"
"021","241314001"
"020","241314002"
"020","241314002"
"071","241325002"
"074","241325004"
"079","241325005"
"072A","241325006"
"072B","241325007"
"070A","241326001"
"070A","241326001"
"078","241326003"
"053","241328002"
"053","241328002"
"055","241328004"
"033","241328006"
"033","241328006"
"051A","241328007"
"051B","241328008"
"052A","241328009"
"052A","241328009"
"052B","241328010"
"097","241331001"
"098","241331002"
"099","241331003"
"031","241333001"
"031","241333001"
"040","241352001"
"043(원당역)","241352002"
"042","241352003"
"042","241352003"
"043","241352004"
"048","241352006"
"048","241352006"
"075A","241352007"
"075A","241352007"
"047","241352008"
"047","241352008"
"075B","241352009"
"075B","241352009"
"046","241352010"
"046","241352010"
"041B","241352011"
"067","241355001"
"068","241355002"
"069","241355003"
"090","241355004"
"092","241355006"
"091A","241355007"
"091B","241355008"
"066A","241355010"
"6","220000012"
"8","220000022"
"8-1","220000023"
"8-1","220000023"
"7","220000024"
"1","241329003"
"2","241329004"
"2","241329004"
"3","241329005"
"5","241329007"
"G9633","208000066"
"21","213000002"
"27","213000003"
"12","213000004"
"17","213000005"
"1","213000006"
"11-1","213000007"
"11","213000008"
"39","213000009"
"22","213000010"
"11-2","213000011"
"3001","213000015"
"101","213000016"
"2","213000017"
"3002","213000019"
"8507","213000024"
"77","213000026"
"102","213000027"
"200","213000029"
"광명01","241238001"
"1","241274001"
"1","241274001"
"1-1","241274002"
"1-3","241274004"
"1-3","241274004"
"88","241274006"
"99","241274007"
"1A","241274008"
"521","204000025"
"521","204000025"
"3200","218000005"
"32","234000009"
"1113-1","234000011"
"17","234000012"
"700-2","234000021"
"720-1","234000024"
"720-2","234000026"
"16","234000034"
"65","234000038"
"119","234000040"
"520","234000044"
"660","234000046"
"31-3","234000057"
"1","234000059"
"1","234000059"
"8","234000070"
"13","234000072"
"500-2","234000075"
"500-1","234000079"
"13-2","234000082"
"12","234000083"
"9","234000095"
"2-2","234000132"
"2-1","234000150"
"2-1","234000150"
"431","234000213"
"431","234000213"
"60","234000316"
"32-1","234000317"
"988-1","234000360"
"10","234000446"
"21","234000470"
"21","234000470"
"947A","234000495"
"15-1","234000505"
"35-1","234000553"
"35-1","234000553"
"35-3","234000556"
"35-3","234000556"
"35-5","234000586"
"35-5","234000586"
"35-5","234000586"
"35-5","234000586"
"38-2","234000798"
"38-2","234000798"
"35-6","234000813"
"34-1","234000824"
"34-1","234000824"
"33-2","234000829"
"33-2","234000829"
"17-1","234000849"
"31-2","234000850"
"988-3","234000860"
"988-3","234000860"
"988-2","234000861"
"989-3","234000862"
"38-8","234000901"
"35-32","234000929"
"35-32","234000929"
"35-32","234000929"
"38-51","234000956"
"1-21","234000960"
"39-1","234000996"
"36-7","234000998"
"39-6","234001001"
"37-2","234001003"
"37-3","234001007"
"37-32","234001008"
"39-4","234001009"
"36-9","234001010"
"36-6","234001011"
"39-5","234001012"
"39-7","234001013"
"36-10","234001014"
"38-22","234001015"
"38-23","234001016"
"38-21","234001017"
"38-21","234001017"
"38-21","234001017"
"38-21","234001017"
"38-81","234001022"
"38-81","234001022"
"38-82","234001023"
"35-35","234001025"
"35-35","234001025"
"35-35","234001025"
"35-2","234001028"
"35-2","234001028"
"35-21","234001029"
"35-21","234001029"
"35","234001030"
"35","234001030"
"35-36","234001034"
"35-36","234001034"
"35-36","234001034"
"34","234001040"
"36-5","234001042"
"36-51","234001043"
"37-31","234001044"
"945","234001046"
"946","234001047"
"34-13","234001051"
"39-2","234001056"
"39-8","234001057"
"36-8","234001059"
"33-5","234001118"
"35-4","234001145"
"35-7","234001146"
"35-27","234001148"
"35-25","234001149"
"35-26","234001150"
"38-24","234001153"
"34-12","234001158"
"39-11","234001161"
"36-72","234001166"
"1113-10","234001203"
"1113-10","234001203"
"1113-11","234001204"
"1113-11","234001204"
"9-1","234001232"
"1-20","234001239"
"M7412","234001241"
"9600","234001244"
"36-14","234001247"
"36-13","234001248"
"39-9","234001249"
"39-10","234001250"
"949","234001252"
"38-83","234001253"
"38-19","234001254"
"522","234001257"
"987-2","234001274"
"35-20","234001279"
"17-3","234001291"
"911-1","234001292"
"911-2","234001293"
"912","234001294"
"913","234001296"
"915","234001297"
"918-1","234001299"
"930","234001303"
"930-1","234001304"
"916","234001314"
"917","234001315"
"917","234001315"
"130","234001370"
"995","234001371"
"935","234001373"
"924","234001375"
"952-1","234001379"
"924-1","234001380"
"952-2","234001387"
"952-3","234001388"
"930-2","234001390"
"974","234001396"
"974-1","234001397"
"963-1","234001400"
"918-2","234001402"
"961-1","234001403"
"981-2","234001405"
"120","234001406"
"929-2","234001408"
"929-3","234001409"
"925","234001410"
"924-2","234001411"
"925-1","234001412"
"915-2","234001413"
"915-1","234001414"
"33-4","234001415"
"913-2","234001417"
"913-3","234001418"
"988-4","234001431"
"989-5","234001434"
"983-1","234001441"
"983-1","234001441"
"981-3","234001442"
"987-3","234001443"
"912-2","234001446"
"911-5","234001479"
"938-1","234001484"
"971","234001485"
"971-1","234001486"
"971-2","234001487"
"972-2","234001488"
"972-3","234001489"
"972-4","234001490"
"954","234001493"
"953-2","234001495"
"955-1","234001497"
"953-3","234001499"
"961-2","234001500"
"140","234001502"
"966-1","234001504"
"915-3","234001507"
"35-17","234001509"
"33-7","234001510"
"971-3","234001515"
"1113-2","234001516"
"38-84","234001522"
"34-16","234001524"
"32-2","234001526"
"912-5","234001540"
"930-4A","234001542"
"930-4B","234001543"
"930-4","234001544"
"930-8","234001545"
"981-5","234001548"
"950-3","234001550"
"950B","234001551"
"981-4","234001553"
"918-7","234001557"
"912-4","234001560"
"1-13","234001565"
"38-26","234001572"
"38-52","234001573"
"38-53","234001575"
"17-1A","234001578"
"901","234001587"
"902","234001588"
"1-22","234001590"
"1-23","234001593"
"38-85","234001594"
"35-31","234001595"
"35-33","234001596"
"903","234001597"
"950-1","234001603"
"500-1A","234001609"
"3","234001618"
"3","234001618"
"37-21","234001620"
"320","234001621"
"907","234001624"
"930-2B","234001639"
"901A","234001640"
"901B","234001641"
"930A","234001642"
"930B","234001643"
"971-2B","234001644"
"948A","234001650"
"948B","234001651"
"947B","234001652"
"36-51B","234001653"
"37-3A","234001656"
"37-3B","234001657"
"522-1","234001659"
"2-3","234001661"
"2-3","234001661"
"38-41","234001662"
"33","234001663"
"33-21","234001664"
"2-5","234001665"
"1-12","234001666"
"35-34","234001667"
"913-1","234001669"
"930-6","234001671"
"930-7","234001672"
"930-5","234001673"
"916B","234001675"
"916-1","234001676"
"916-2","234001677"
"916-2B","234001678"
"912-6","234001680"
"34-2","234001681"
"924-3","234001682"
"15-2","234001683"
"36-8B","234001684"
"36-52","234001685"
"36-13A","234001686"
"522-2","234001692"
"33-1","234001693"
"3201","234001694"
"G3202","234001695"
"15-3","234001698"
"15-5","234001699"
"38-25","234001700"
"38-27","234001702"
"38-27","234001702"
"38-40","234001703"
"38-40","234001703"
"38-41A","234001704"
"3800","234001705"
"2-6","234001706"
"910","234001707"
"160","234001719"
"150","234001720"
"165","234001721"
"155","234001722"
"170","234001723"
"180","234001724"
"175","234001725"
"185","234001726"
"35-17A","234001727"
"35-30","234001728"
"932","234001731"
"933","234001732"
"935A","234001733"
"935B","234001734"
"2-7","234001735"
"3302","234001736"
"500-2N","234001738"
"8301","234001741"
"신현양재MDRT","234001743"
"432","234001744"
"8302","234001745"
"광주똑버스02","234001746"
"광주똑버스04","234001747"
"광주똑버스01","234001748"
"광주똑버스03","234001749"
"학생1","234001750"
"학생1","234001750"
"학생2","234001751"
"학생2","234001751"
"학생3","234001752"
"학생3","234001752"
"학생4","234001753"
"학생4","234001753"
"학생5","234001754"
"학생5","234001754"
"학생6","234001755"
"학생6","234001755"
"921","234001756"
"920","237000047"
"110","237000052"
"929","237000053"
"960","237000054"
"961","237000059"
"962","237000060"
"963","237000061"
"964","237000062"
"972","237000070"
"972-1","237000071"
"981","237000077"
"981","237000077"
"991","237000083"
"992","237000084"
"992-1","237000085"
"929-1","237000087"
"931","237000094"
"939","237000097"
"952","237000099"
"953","237000100"
"950","237000101"
"광주1","241243001"
"광주1","241243001"
"광주2","241243002"
"광주2","241243002"
"광주3","241243003"
"광주5","241243005"
"광주5","241243005"
"광주6","241243006"
"광주7","241243007"
"광주7","241243007"
"광주8","241243008"
"광주8","241243008"
"광주9","241243009"
"광주10","241243010"
"광주11","241243011"
"광주14","241243014"
"광주14","241243014"
"광주15","241243015"
"광주16","241243016"
"78","207000080"
"75","221000032"
"1680","221000033"
"75-1","221000034"
"G1690","221000035"
"680","221000040"
"79","221000041"
"93","222000026"
"51","222000050"
"95","222000052"
"95","222000052"
"1115-6","234000031"
"15","234000035"
"1650","234000050"
"92","234000058"
"7","241241001"
"7-1","241241003"
"6","241338001"
"6","241338001"
"6-1","241338002"
"6-1","241338002"
"6-2","241338003"
"2","241339001"
"2-2","241339004"
"2-2","241339004"
"5","241340001"
"5","241340001"
"8","241340005"
"8","241340005"
"3","241340008"
"3","241340008"
"3030","208000027"
"100","225000004"
"100-1","225000005"
"31","225000006"
"30","225000009"
"32","225000012"
"P9801(출근)","225000013"
"P9801(출근)","225000013"
"P9801(퇴근)","225000014"
"P9801(퇴근)","225000014"
"6501","234001163"
"5","241381001"
"10","241381002"
"11","241381003"
"9","241382001"
"1","241382002"
"1","241382002"
"6","241382003"
"6-1","241382004"
"6-1","241382004"
"7","241382005"
"1-2","241382006"
"1-1","241382008"
"3","241383001"
"3","241383001"
"3-1","241383002"
"3-1","241383002"
"2","241384001"
"2","241384001"
"12","241384002"
"12","241384002"
"9008","232000005"
"1002","232000006"
"1002","232000006"
"8000","232000007"
"81","232000009"
"841","232000014"
"53","232000015"
"60","232000017"
"60-3","232000025"
"60-3","232000025"
"2","232000028"
"88","232000029"
"102","232000031"
"101","232000032"
"83","232000035"
"86-1","232000039"
"8600","232000047"
"90","232000056"
"81-1","232000065"
"388","232000067"
"M6117","232000071"
"8601","232000072"
"1004","232000073"
"M6427","232000075"
"6427","232000081"
"1","232000082"
"1-1","232000083"
"3","232000087"
"3","232000087"
"90-1","232000089"
"G6000","232000090"
"7000","232000092"
"G6001","232000094"
"21","232000095"
"4","232000096"
"4","232000096"
"4-1","232000097"
"9000","232000099"
"7","232000100"
"7","232000100"
"7-2","232000102"
"7-2","232000102"
"7100","232000103"
"이음1","232000105"
"이음2","232000106"
"이음2","232000106"
"4-2","232000108"
"4-2","232000108"
"33-1","232000109"
"G6003","232000111"
"82","232000112"
"8","232000113"
"8-1","232000114"
"8-1","232000114"
"8-2","232000115"
"8-2","232000115"
"G6002","232000116"
"G6004","232000117"
"G6005","232000118"
"70","232000121"
"70","232000121"
"2000","232000122"
"70C","232000130"
"70C","232000130"
"70D","232000131"
"70D","232000131"
"김포똑버스01","232000132"
"6601","232000137"
"3000-1","232000138"
"6701","232000139"
"3-2","232000140"
"3-2","232000140"
"33-2","232000142"
"33","232000143"
"70(출근)","232000144"
"70(출근)","232000144"
"54","241275001"
"54","241275001"
"55","241275002"
"55","241275002"
"35","241275004"
"35","241275004"
"36","241275005"
"36","241275005"
"31","241351002"
"한강이음1","241351012"
"한강이음1-1","241351013"
"한강이음1-1","241351013"
"10","241351016"
"52","241460001"
"52A","241460002"
"52B","241460003"
"20","241460009"
"20A","241460010"
"20N","241460011"
"52N","241460012"
"17","241461001"
"16","241461002"
"16","241461002"
"15","241461003"
"17A","241461004"
"16-1","241461005"
"16-1","241461005"
"50","241461006"
"1","241461007"
"1A","241461008"
"51","241461009"
"52-1","241461011"
"19","241461012"
"1B","241461014"
"16A","241461015"
"1C","241461016"
"5","241463001"
"5","241463001"
"11A","241464002"
"11B","241464003"
"77-1(오전)","241466002"
"77-1(오후)","241466003"
"77-2","241466004"
"77A","241466005"
"77B","241466006"
"72A(조강2리)","241468001"
"72B(개곡2리)","241468002"
"공영쇄암A","241470001"
"공영쇄암B","241470002"
"공영학운","241470003"
"86","241470004"
"201","241470005"
"202","241470006"
"30","241470007"
"통진순환","241470008"
"순환N","241470009"
"23(국수메)","241471001"
"23(국수메)","241471001"
"23(석탄리)","241471002"
"23(중계소)","241471003"
"24(마곡리)","241471004"
"24(마조리)","241471005"
"24(양택리)","241471006"
"25(마조.석탄리)","241471007"
"25(마조.석탄리)","241471007"
"25(마조리)","241471008"
"25(석탄리)","241471009"
"22(새벽)","241472001"
"22(새벽)","241472001"
"22(오전)","241472002"
"22(오후)","241472003"
"1000","221000003"
"1000","221000003"
"707","222000002"
"202","222000004"
"71","222000006"
"155","222000008"
"9","222000009"
"23","222000013"
"7-7","222000016"
"6-1","222000017"
"7-4","222000019"
"6-2","222000020"
"55","222000023"
"97","222000027"
"165","222000028"
"6","222000029"
"65-1","222000030"
"65","222000031"
"1-4","222000032"
"30-15","222000033"
"땡큐34","222000034"
"땡큐37","222000040"
"땡큐21","222000041"
"112-1","222000045"
"1670","222000046"
"168","222000047"
"168","222000047"
"166-1","222000048"
"1660","222000049"
"7","222000055"
"167-1","222000056"
"1","222000058"
"1","222000058"
"땡큐36","222000061"
"땡큐24","222000063"
"땡큐23","222000064"
"1700","222000073"
"1100","222000074"
"2000","222000075"
"2000","222000075"
"7007","222000076"
"1200","222000078"
"8002","222000084"
"8002","222000084"
"8001","222000088"
"8012","222000090"
"7-8","222000096"
"5-1","222000098"
"M2316","222000105"
"1001","222000107"
"땡큐60","222000110"
"2000-1","222000122"
"땡큐35","222000131"
"땡큐35","222000131"
"1200-1","222000137"
"34","222000168"
"1003","222000169"
"21","222000170"
"38","222000176"
"105","222000177"
"8002-1","222000178"
"8002-1","222000178"
"M2341","222000179"
"땡큐12","222000180"
"76","222000181"
"81","222000182"
"105-1","222000186"
"땡큐33","222000187"
"땡큐33","222000187"
"땡큐70","222000190"
"땡큐70","222000190"
"땡큐10","222000191"
"1006","222000192"
"땡큐90","222000195"
"7-9","222000196"
"8-9","222000197"
"땡큐50","222000199"
"땡큐30","222000200"
"땡큐11","222000201"
"33-2","222000202"
"땡큐22","222000205"
"M2352","222000209"
"M2353","222000210"
"5-2","222000211"
"1670-1","222000213"
"1670-1","222000213"
"5-5","222000214"
"6-6","222000215"
"6-6","222000215"
"58","222000216"
"58","222000216"
"땡큐58-3","222000217"
"땡큐31","222000218"
"115","222000222"
"72","222000223"
"8-8A","222000224"
"8-8B","222000225"
"88-3","222000226"
"88-3","222000226"
"98","222000227"
"98-1","222000228"
"38-1","222000229"
"77","222000230"
"땡큐32","222000233"
"땡큐32","222000233"
"30","234000003"
"10-5","234000028"
"100","234000873"
"M2323","234001476"
"1000-1","234001511"
"11","236000050"
"80","241347002"
"82A","241347005"
"82B","241347006"
"땡큐20","241347007"
"땡큐20","241347007"
"48","241347009"
"48-1","241347010"
"86","241347011"
"2A","241348001"
"2-2A","241348002"
"2","241348004"
"2-2","241348005"
"땡큐61","241349001"
"땡큐61","241349001"
"60","241349004"
"63","241349006"
"64","241349007"
"33-1","241350002"
"33-1","241350002"
"땡큐85","241350003"
"땡큐85","241350003"
"85-1","241350004"
"땡큐99","241353001"
"땡큐99","241353001"
"99-1","241353002"
"99-1","241353002"
"99-2","241353003"
"99-2","241353003"
"99-1A","241353004"
"99-2A","241353005"
"99-2A","241353005"
"99-3","241353006"
"99-3","241353006"
"88","241354001"
"땡큐88-1","241354002"
"땡큐88-1","241354002"
"88-2","241354003"
"88-2","241354003"
"50","215000004"
"52","215000008"
"56","215000015"
"58-3","215000018"
"58-2","215000019"
"58","215000021"
"58-1","215000022"
"1","215000025"
"60","215000052"
"60-3","215000055"
"53","215000070"
"56-1","215000083"
"56-2","215000084"
"58-5","215000088"
"56-3","215000094"
"2","215000118"
"58-7","215000149"
"58-8","215000150"
"58-9","215000151"
"58-10","215000152"
"58-12","215000163"
"56-8","215000164"
"56-9","215000165"
"91","215000205"
"91-1","215000206"
"4","215000222"
"3","215000223"
"5","215000225"
"6","215000226"
"90","215000227"
"61","215000229"
"11","215000230"
"91-3","215000233"
"91-4","215000234"
"91-4","215000234"
"51","215000238"
"55","215000239"
"P9701(출근)","233000375"
"P9701(퇴근)","233000376"
"50","210000001"
"12-1","210000002"
"50-1","210000003"
"55","210000004"
"55-1","210000005"
"53","210000006"
"56","210000007"
"52","210000009"
"70-2","210000012"
"3","210000013"
"5","210000014"
"5-3","210000016"
"5-4","210000017"
"6","210000019"
"8","210000024"
"23-2","210000033"
"70","210000034"
"70-3","210000036"
"71","210000037"
"75","210000038"
"700","210000039"
"57","210000040"
"59","210000042"
"60","210000043"
"6-2","210000046"
"56-1","210000049"
"57-1","210000052"
"60-1","210000057"
"23","210000060"
"66","210000061"
"20","210000062"
"27","210000063"
"19","210000064"
"59-1","210000069"
"58-1","210000072"
"25","210000073"
"98","210000075"
"77","210000093"
"58-B","210000099"
"58-B","210000099"
"56-2","210000103"
"33","210000105"
"58-2","210000106"
"G8808","210000108"
"99","210000109"
"10A역곡역","210000111"
"10A역곡역","210000111"
"10A범박옥길","210000112"
"10A범박옥길","210000112"
"부천똑버스02","210000114"
"부천똑버스02","210000114"
"부천똑버스01","210000115"
"88","212000001"
"83","212000002"
"10","212000003"
"95","212000005"
"16","212000006"
"015","241261001"
"013","241262001"
"013-1","241262002"
"013-2","241262003"
"013-3","241262004"
"013-4","241262006"
"017","241263002"
"017-1","241263003"
"51","241281001"
"51-1","241281002"
"51-2","241281003"
"6","204000004"
"57","204000005"
"357","204000007"
"50","204000012"
"60","204000013"
"55","204000017"
"100","204000018"
"33-1","204000019"
"33","204000020"
"51","204000021"
"220","204000022"
"9407","204000024"
"52","204000026"
"200","204000029"
"240","204000032"
"330","204000039"
"340","204000040"
"9004","204000041"
"350","204000044"
"9003","204000046"
"250","204000048"
"390","204000051"
"4500","204000056"
"3330","204000057"
"9507","204000059"
"103","204000060"
"9607","204000065"
"341","204000067"
"9007","204000070"
"315","204000073"
"382","204000076"
"380","204000079"
"G8110","204000082"
"100출","204000083"
"100출","204000083"
"331","204000084"
"370","204000131"
"231","204000139"
"9200","204000141"
"누리1","204000145"
"누리2","204000146"
"누리3","204000147"
"반디1","204000149"
"반디1-1","204000150"
"720-1A","204000151"
"반디2","204000152"
"반디2","204000152"
"9400","204000153"
"누리4","204000155"
"9800","204000156"
"342","204000159"
"310","204000163"
"3100","204000170"
"53","204000171"
"4103","204000172"
"811","204000173"
"810","204000174"
"반디3","204000178"
"반디4","204000179"
"210","204000180"
"375","204000181"
"351","204000182"
"S2","204000183"
"S2","204000183"
"S1","204000184"
"333","205000002"
"3-1","205000003"
"300","206000003"
"101","228000179"
"9000","234000002"
"3500","234000051"
"9300","234000886"
"M4102","234001159"
"8109","234001236"
"8106","234001237"
"9000-1","234001574"
"9000-1","234001574"
"88-1","241213002"
"88","241213006"
"87","241213007"
"3-2","241215001"
"3-1","241215002"
"3","241215003"
"73","241215005"
"73","241215005"
"73-1","241215006"
"73-2","241215008"
"82","241215009"
"3-5","241216003"
"3-5","241216003"
"3-4","241216004"
"3-4","241216004"
"7","241217001"
"7-2","241217002"
"10","241218001"
"10-1","241218002"
"10-2","241218003"
"109","241219001"
"109","241219001"
"111(맞춤형)","241219002"
"117","241219003"
"117","241219003"
"115","241219004"
"115","241219004"
"107","241219006"
"107","241219006"
"111","241219007"
"109-1","241219008"
"109-2","241219010"
"109-2","241219010"
"3-3","241220001"
"8-1","241221001"
"8","241221002"
"77","241221003"
"78","241221007"
"78","241221007"
"7","241222003"
"7","241222003"
"7-1","241222004"
"32","241222005"
"32","241222005"
"37","241222008"
"602","241223003"
"602-1A","241223004"
"602-1A","241223004"
"602-1B","241223005"
"602-2B","241223008"
"2","241224001"
"2","241224001"
"2-1","241224002"
"19","241224004"
"19","241224004"
"76","241225005"
"66","241255002"
"300","200000006"
"900","200000010"
"9090","200000015"
"83-1","200000023"
"310","200000024"
"92","200000025"
"301","200000028"
"92-1","200000029"
"300-1","200000031"
"13","200000037"
"7-2","200000040"
"64","200000043"
"7-1","200000045"
"112","200000049"
"20","200000053"
"82-1","200000054"
"25","200000055"
"13-1","200000069"
"11-1","200000070"
"27","200000074"
"5","200000076"
"62-1","200000078"
"98","200000085"
"13-5","200000090"
"3","200000095"
"2-1","200000097"
"37","200000099"
"9","200000103"
"3000","200000104"
"3000","200000104"
"88","200000107"
"3003","200000108"
"3003","200000108"
"7002","200000109"
"3007","200000110"
"3007","200000110"
"7000","200000112"
"7000","200000112"
"5100","200000115"
"5100","200000115"
"7001","200000119"
"7001","200000119"
"2007","200000120"
"99","200000144"
"3002","200000145"
"80","200000146"
"35","200000148"
"7800","200000150"
"7800","200000150"
"20-1","200000182"
"13-4","200000185"
"9-1","200000186"
"99-2","200000196"
"61","200000202"
"8800","200000205"
"8800","200000205"
"81","200000208"
"20-2","200000211"
"G5100","200000262"
"G5100","200000262"
"30-1","200000265"
"19","200000266"
"32-4","200000272"
"3008","200000274"
"3000(예약)","200000283"
"7770(예약)","200000284"
"7780(예약)","200000285"
"7780(예약)","200000285"
"7800(예약)","200000286"
"16-2","200000288"
"3002예약","200000289"
"3002예약","200000289"
"3007예약","200000290"
"3007예약","200000290"
"3003예약","200000293"
"5100예약","200000296"
"5100예약","200000296"
"8800예약","200000297"
"P9100(출근)","200000307"
"P9100(퇴근)","200000308"
"4000","200000314"
"7-1A","200000315"
"수원똑버스01","200000317"
"수원똑버스02","200000321"
"M5443","200000325"
"M5443(예약)","200000326"
"수원MDRT","200000327"
"8450","200000328"
"수원똑버스02","200000329"
"777","233000007"
"34","233000011"
"34-1","233000012"
"7770","233000031"
"7770","233000031"
"7780","233000032"
"7780","233000032"
"30","233000083"
"42","233000087"
"9802","233000271"
"8472","233000272"
"8471","233000273"
"P9110(출근)","233000355"
"P9110(퇴근)","233000356"
"1007-1","234000013"
"1112","234000016"
"M5107","234001243"
"M5115","234001286"
"M5121","234001317"
"M5422","234001318"
"1","241201001"
"2","241201002"
"6","241201005"
"7","241201006"
"7","241201006"
"2-1","241202001"
"2-5","241202003"
"2-5","241202003"
"21","241203001"
"27","241204001"
"27","241204001"
"27-1","241204003"
"27-1","241204003"
"27-2","241204004"
"27-3","241204007"
"27-3","241204007"
"27-6","241204009"
"27-6","241204009"
"27-7","241204011"
"25","241242001"
"25","241242001"
"25-1","241242003"
"25-1","241242003"
"26","241242005"
"24","241242006"
"12","210000027"
"M6410","216000044"
"5602","216000047"
"5602","216000047"
"6501","216000089"
"6501","216000089"
"32","217000009"
"21","224000002"
"23","224000003"
"31","224000004"
"25","224000007"
"63","224000010"
"20-1","224000011"
"3200","224000019"
"3200","224000019"
"26","224000020"
"28","224000021"
"29","224000022"
"26-1","224000027"
"31-3","224000028"
"530","224000029"
"36","224000030"
"36","224000030"
"7","224000033"
"99-2","224000034"
"99-2","224000034"
"99-3","224000035"
"99-3","224000035"
"11-A","224000036"
"11-A","224000036"
"11-B","224000037"
"11-B","224000037"
"11-C","224000038"
"37","224000045"
"37-1","224000046"
"3300","224000047"
"3300","224000047"
"3400","224000050"
"3400","224000050"
"13","224000051"
"13","224000051"
"5200","224000052"
"5200","224000052"
"16","224000053"
"16","224000053"
"3500","224000054"
"3201","224000056"
"3201","224000056"
"3301","224000057"
"3301","224000057"
"60","224000058"
"70","224000059"
"27","224000060"
"6502","224000061"
"6502","224000061"
"33","224000062"
"33-1","224000063"
"시흥광역콜버스","224000064"
"시흥광역콜버스휴","224000065"
"5601","224000066"
"5601","224000066"
"3202","224000067"
"3302","224000068"
"3402","224000069"
"3401","224000071"
"3401","224000071"
"40A","224000072"
"40B","224000073"
"500","224000074"
"500","224000074"
"P9530(출근)","233000362"
"P9540(출근)","233000363"
"P9530(퇴근)","233000364"
"P9540(퇴근)","233000365"
"P9541(출근)","233000366"
"P9541(퇴근)","233000367"
"8","241230001"
"8-1","241230002"
"5(시흥)","241230003"
"1-A","241374002"
"1-B","241374003"
"N1-A","241374005"
"N1-B","241374006"
"5(녹색)","241374007"
"6","241374008"
"6","241374008"
"6-1","241374009"
"6-1","241374009"
"3-A","241374015"
"3-B","241374016"
"71","216000003"
"71","216000003"
"22","216000004"
"125","216000006"
"123","216000007"
"727-1","216000009"
"99-1","216000010"
"99-1","216000010"
"55","216000011"
"62","216000016"
"38","216000020"
"301","216000021"
"301","216000021"
"80C","216000023"
"80C","216000023"
"3100","216000026"
"3100","216000026"
"501A","216000030"
"727","216000031"
"71-1","216000035"
"10","216000037"
"97","216000040"
"5","216000041"
"3101","216000043"
"3101","216000043"
"5609","216000046"
"5609","216000046"
"4-1","216000049"
"8-1","216000051"
"500","216000054"
"500","216000054"
"501B","216000055"
"9","216000066"
"9","216000066"
"20","216000067"
"10-1","216000068"
"10-1","216000068"
"13","216000069"
"707-1","216000070"
"3","216000073"
"7","216000074"
"7","216000074"
"50","216000075"
"50","216000075"
"34","216000076"
"6","216000077"
"6","216000077"
"2","216000078"
"2","216000078"
"737","216000079"
"80A","216000081"
"80B","216000082"
"8","216000083"
"90","216000084"
"90","216000084"
"16","216000085"
"70A","216000086"
"70B","216000087"
"9-1","216000088"
"51","216000090"
"51","216000090"
"60A","216000092"
"60A","216000092"
"60B","216000093"
"60B","216000093"
"3100N","216000096"
"3100N","216000096"
"N60A","216000097"
"N60A","216000097"
"N60B","216000098"
"N60B","216000098"
"N70A","216000099"
"N70A","216000099"
"N70B","216000100"
"N70B","216000100"
"N80A","216000101"
"N80A","216000101"
"N80B","216000102"
"N80B","216000102"
"안산똑버스01","216000103"
"7070","216000104"
"7070","216000104"
"3103","216000107"
"3103","216000107"
"72","216000108"
"72","216000108"
"안산똑버스02","216000109"
"122","216000110"
"66","216000111"
"101","217000002"
"101","217000002"
"52","217000003"
"77","217000004"
"511","217000005"
"511","217000005"
"61","217000006"
"61","217000006"
"99","217000007"
"350","217000012"
"320","217000013"
"110","217000014"
"110","217000014"
"30","224000012"
"30","224000012"
"30-2","224000014"
"30-2","224000014"
"98","224000015"
"98","224000015"
"76","224000016"
"4401","228000419"
"370","231000005"
"70","231000006"
"1","231000007"
"1-3","231000011"
"2","231000012"
"2-1","231000013"
"2-1","231000013"
"2-2","231000014"
"2-2","231000014"
"2-3","231000015"
"2-3","231000015"
"7-1","231000016"
"1-1","231000018"
"1-2","231000019"
"1-4","231000020"
"1-6","231000021"
"1-9","231000023"
"1-8","231000024"
"1-8","231000024"
"7","231000025"
"7-2","231000026"
"7-4","231000027"
"7-3","231000028"
"15-1","231000029"
"15-2","231000030"
"15-3","231000031"
"15","231000032"
"15","231000032"
"60","231000033"
"60-3","231000034"
"60-1","231000035"
"20","231000037"
"20","231000037"
"20-3","231000040"
"20-2","231000041"
"20-6","231000042"
"100","231000045"
"100-1","231000046"
"100-2","231000047"
"50-2","231000049"
"50-3","231000050"
"50-1","231000051"
"50-5","231000053"
"50-6","231000054"
"50-7","231000056"
"17","231000058"
"35","231000059"
"3-2","231000061"
"3-1","231000062"
"3-3","231000064"
"3-4","231000065"
"3-5","231000067"
"3-7","231000068"
"3-8","231000069"
"3-9","231000070"
"3-11","231000071"
"3","231000072"
"2-5","231000073"
"2-6","231000074"
"2-8","231000075"
"2-8","231000075"
"10-2","231000078"
"10-6","231000081"
"10-4","231000082"
"5","231000085"
"5-2","231000086"
"5-1","231000088"
"38-1","231000090"
"37","231000094"
"50-8","231000099"
"7-5","231000100"
"7-6","231000101"
"7-7","231000103"
"5-5","231000105"
"100-3","231000106"
"35-2","231000108"
"15-4","231000109"
"7-8","231000111"
"380","231000118"
"10-7","231000119"
"20-1","231000121"
"8-2","231000122"
"2-11","231000125"
"1-5","231000126"
"37-1","231000128"
"8-1","231000132"
"7-9","231000133"
"7-10","231000134"
"7-11","231000135"
"4402","231000139"
"안성똑버스03","231000143"
"안성똑버스04","231000144"
"770","231000145"
"8200","234001729"
"8201","234001730"
"8202","234001737"
"15","208000001"
"15-2","208000002"
"11-2","208000004"
"11-5","208000005"
"11-3","208000006"
"1","208000007"
"3","208000008"
"81","208000009"
"8-1","208000010"
"8-2","208000011"
"88","208000012"
"6","208000013"
"20","208000014"
"5-2","208000015"
"5","208000016"
"51","208000017"
"60","208000018"
"9","208000019"
"9-3","208000020"
"1-2","208000021"
"1-1","208000024"
"10","208000025"
"917","208000026"
"8","208000028"
"22","208000029"
"52","208000030"
"87","208000032"
"15-1","208000033"
"52-1","208000035"
"1-5","208000036"
"83","208000038"
"60-1","208000039"
"80","208000041"
"M5333","208000063"
"55","208000065"
"33","208000067"
"M5556","208000068"
"AY01","208000071"
"AY02","208000072"
"안양똑버스01","208000073"
"31-7","216000019"
"31-7","216000019"
"8407","216000045"
"8407","216000045"
"5","241245001"
"1","241245002"
"5-5","241245003"
"5-3","241245004"
"8","241245005"
"01","241245006"
"70","241245007"
"7","241247001"
"7","241247001"
"3","241247002"
"3","241247002"
"3-1","241247003"
"9","241248001"
"5-1","241250001"
"6","241251001"
"06","241251002"
"06","241251002"
"6-1","241252001"
"6-2","241252002"
"6-3","241252003"
"6-5","241252004"
"2","241253001"
"2-1","241253002"
"10-1","241254001"
"10-2","241254002"
"10-2","241254002"
"31","207000053"
"91","208000064"
"91","208000064"
"양주37","229000032"
"P9601(출근)","233000371"
"P9601(퇴근)","233000372"
"P9602(출근)","233000373"
"P9602(퇴근)","233000374"
"78","235000002"
"78","235000002"
"77","235000004"
"77","235000004"
"80","235000019"
"118","235000020"
"82","235000021"
"82","235000021"
"19","235000080"
"19-1","235000081"
"1100","235000085"
"365","235000088"
"365-1","235000089"
"365-1","235000089"
"365-2","235000090"
"701","235000091"
"G1300","235000092"
"81","235000094"
"81","235000094"
"700","235000097"
"700","235000097"
"22","235000099"
"8906","235000103"
"G1200","235000104"
"99","235000105"
"87","235000113"
"87","235000113"
"1101","235000115"
"G1300N","235000116"
"양주똑버스01","235000117"
"1304","235000118"
"91-1","235000119"
"8300","235000120"
"700-1","235000121"
"700-1","235000121"
"700-2","235000122"
"700-2","235000122"
"1306","235000123"
"39","238000015"
"28","241206001"
"50","241206002"
"51","241206003"
"3-4","241446006"
"3-2","241446019"
"2","241447001"
"2-1","241447002"
"2-2","241447003"
"2-3","241447004"
"2-3","241447004"
"2-4","241447005"
"2-4","241447005"
"10(한시운행)","241447006"
"10","241447007"
"2-4B","241447009"
"2-4B","241447009"
"20","241451002"
"11","241451003"
"20(전원마을)","241451004"
"21","241451005"
"72","241451006"
"72","241451006"
"73","241451007"
"73","241451007"
"77-1","241451008"
"77-1","241451008"
"12(공영)","241451009"
"12(공영)","241451009"
"12(A)","241451010"
"12(B)","241451011"
"75","241451012"
"76","241451013"
"73-1","241451014"
"73-3","241451015"
"73-2","241451016"
"73-2","241451016"
"101","241451019"
"101","241451019"
"16","241455001"
"3","241455002"
"3-1","241455003"
"3-3","241457001"
"3-5","241457002"
"3-7","241457003"
"3-8","241457004"
"13","241457005"
"13-1","241457006"
"14","241457007"
"14","241457007"
"14-1","241457008"
"17A","241457009"
"17B","241457010"
"18","241457011"
"15-1(지축)","241457012"
"15-1(구파발)","241457013"
"15A","241457014"
"15B","241457015"
"3-3A","241457016"
"3-7(한시운행)","241457017"
"1-5","240000002"
"1-4","240000003"
"1-7","240000004"
"2000-1","240000007"
"2000-2","240000008"
"2000-2","240000008"
"2-11","240000009"
"2-5","240000011"
"2-9","240000012"
"2-2","240000014"
"2-3","240000015"
"6","240000016"
"6-1","240000017"
"6-2","240000018"
"6-3","240000019"
"3-2","240000020"
"6-5","240000021"
"6-6","240000023"
"2-8","240000026"
"3-5","240000028"
"2-10","240000029"
"2-1","240000033"
"9-3","240000036"
"10","240000037"
"10-1","240000038"
"10-1","240000038"
"10-2","240000039"
"7","240000041"
"7-1","240000042"
"9-1","240000043"
"7-2","240000044"
"9-6","240000045"
"7-7","240000046"
"7-3","240000047"
"7-4","240000048"
"7-5","240000049"
"4-2","240000051"
"4-4","240000053"
"4-7","240000056"
"4-9","240000057"
"4-8","240000058"
"4-10","240000059"
"4-6","240000060"
"5-2","240000062"
"5-4","240000063"
"1-2","240000064"
"5-5","240000067"
"1-8","240000068"
"1-9","240000069"
"1-1","240000070"
"2-6","240000071"
"6-10","240000072"
"1-3","240000073"
"1","240000075"
"5-1","240000077"
"5-3","240000078"
"9-2","240000080"
"8-2","240000081"
"8-4","240000083"
"8-5","240000085"
"9-7","240000086"
"7-8","240000087"
"22","240000089"
"8-6","240000091"
"8-7","240000092"
"9-8","240000093"
"8-8","240000094"
"4-11","240000095"
"5","240000096"
"5-7","240000098"
"5-8","240000099"
"6-4","240000100"
"7-9","240000102"
"8-3","240000104"
"8-9","240000111"
"1-10","240000113"
"1-6","240000114"
"1-11","240000115"
"1-12","240000116"
"1-13","240000117"
"2-4","240000118"
"3","240000120"
"4-5","240000121"
"2-12","240000122"
"6-12","240000124"
"11","240000125"
"1-30","240000126"
"1-31","240000127"
"1-41","240000128"
"1-42","240000130"
"1-33","240000131"
"1-43","240000132"
"3-22","240000135"
"5-11","240000136"
"5-55","240000137"
"5-88","240000138"
"9-22","240000139"
"3-20","240000140"
"8-33","240000141"
"8-44","240000142"
"8-55","240000143"
"9-20","240000144"
"9-30","240000145"
"30","240000146"
"5-6","240000147"
"1-23","240000148"
"1-53","240000149"
"1-63","240000150"
"77-2","240000151"
"77-7","240000152"
"77-8","240000153"
"22-1","240000154"
"22-2","240000155"
"22-3","240000156"
"22-4","240000157"
"22-5","240000158"
"77","240000159"
"77-1","240000160"
"77-5","240000161"
"77-10","240000162"
"88-1","240000163"
"88-2","240000164"
"88-3","240000165"
"88-5","240000167"
"88-6","240000168"
"40-9","240000170"
"40-1","240000173"
"G9311","240000174"
"G9311","240000174"
"10-7","240000175"
"30-5","240000176"
"40-6","240000177"
"50-2","240000178"
"77-4","240000179"
"77-9","240000180"
"77-9","240000180"
"22-7","240000181"
"22-8","240000182"
"22-6","240000183"
"30-1","240000184"
"2-13","240000185"
"77-11","240000186"
"22-9","240000187"
"77-6","240000188"
"77-3","240000190"
"22-10","240000191"
"3-1","240000192"
"7-6","240000193"
"33-1","240000195"
"33-2","240000196"
"33-3","240000197"
"33-4","240000199"
"33-5","240000200"
"33-6","240000201"
"1-14","240000203"
"5-10","240000204"
"11-1","240000205"
"1-45","240000206"
"1-44","240000207"
"1-32","240000208"
"40-7","240000209"
"40-8","240000210"
"40-5","240000211"
"40-2","240000212"
"40-3","240000213"
"40-4","240000214"
"31","240000215"
"31-1","240000216"
"31-2","240000217"
"31-3","240000218"
"여주똑버스02","237000103"
"여주똑버스01","237000104"
"100-2","215000023"
"100-1","215000024"
"100","215000030"
"82","215000062"
"82-1","215000089"
"82-7","215000138"
"82-3","215000146"
"82-2","215000147"
"82-5","215000153"
"80-2","215000178"
"81","215000209"
"81-1","215000210"
"81-2","215000211"
"81-3","215000212"
"82-4","215000214"
"82-6","215000215"
"83","215000216"
"39-2","238000005"
"39-8","238000006"
"38-1","238000009"
"38-5","238000010"
"38-7","238000011"
"38-3","238000012"
"38-6","238000013"
"38-9","238000022"
"38-10","238000023"
"70","238000024"
"70-1","238000025"
"70-2","238000026"
"37-1","238000028"
"37-2","238000029"
"37-3","238000030"
"33","238000032"
"33-1","238000033"
"35","238000034"
"35-1","238000035"
"35-2","238000036"
"31","238000043"
"67-1","238000044"
"67-2","238000045"
"67-3","238000046"
"G2001","238000048"
"68","238000049"
"68-1","238000050"
"연천똑버스01","238000053"
"32","238000054"
"34","238000055"
"32-1","238000056"
"46","200000106"
"5300","200000175"
"5300-1전","200000193"
"5200","200000299"
"7","223000008"
"7-5","223000010"
"7-5","223000010"
"71","223000019"
"21","223000022"
"22","223000023"
"31","223000077"
"31","223000077"
"111","223000082"
"8","223000099"
"8","223000099"
"202","223000100"
"9","223000105"
"32","223000107"
"M5532","223000127"
"30","223000130"
"201","223000132"
"C1","223000140"
"C1","223000140"
"C2","223000145"
"C2","223000145"
"C3","223000146"
"C3","223000146"
"C4","223000147"
"C4","223000147"
"60","223000148"
"60","223000148"
"5300예약","223000149"
"5104","223000150"
"1550-1","234000324"
"1550-1","234000324"
"1311","234001251"
"1311B","234001691"
"1552","234001708"
"1552","234001708"
"33","241358001"
"33","241358001"
"33-1","241358002"
"99","241358003"
"99","241358003"
"33-3","241358005"
"33-3","241358005"
"100","241359003"
"55","241363001"
"56","241363002"
"56","241363002"
"123","241363011"
"53","241363012"
"88","241367002"
"10","241489001"
"500","241489002"
"90","241489007"
"9-1","241489008"
"7(학통등교)","241489009"
"8(학통등교)","241489010"
"9(학통등교)","241489011"
"11(학통등교)","241489012"
"11(학통하교)","241489013"
"12(학통등교)","241489014"
"30(학통등교)","241489015"
"30(학통하교)","241489016"
"202(학통하교)","241489017"
"202(학통등교)","241489018"
"7-1(학통등교)","241489019"
"9-1(학통등교)","241489020"
"30-1(학통등교)","241489021"
"202-1(학통하교)","241489022"
"30-2(학통등교)","241489023"
"9(학통하교)","241489024"
"60(학통등교)","241489025"
"1151","204000081"
"102","206000007"
"66","228000001"
"10","228000002"
"66-4","228000005"
"10-5","228000008"
"670","228000010"
"820","228000012"
"22-1","228000013"
"68","228000017"
"10-4","228000018"
"88","228000019"
"7","228000020"
"8","228000021"
"74","228000029"
"90","228000038"
"22","228000055"
"71-2","228000056"
"91","228000061"
"71","228000066"
"71-1","228000071"
"70","228000079"
"12","228000081"
"12","228000081"
"92","228000082"
"83","228000089"
"93","228000092"
"95","228000108"
"9-1","228000113"
"83-1","228000119"
"73","228000128"
"84-1","228000130"
"95-1","228000132"
"95-1","228000132"
"82","228000133"
"2","228000136"
"84","228000139"
"3","228000148"
"103","228000149"
"89","228000156"
"9","228000159"
"9-2","228000160"
"93-1","228000162"
"11","228000165"
"6","228000168"
"5000B","228000174"
"5005","228000175"
"5001B","228000176"
"5001-1B","228000177"
"5001-1B","228000177"
"1241","228000181"
"5003B","228000182"
"5003B","228000182"
"5002B","228000183"
"5600","228000184"
"73-1","228000190"
"73-4","228000191"
"75","228000197"
"24-2","228000199"
"81","228000200"
"72","228000201"
"24-1","228000203"
"24","228000204"
"76-2","228000206"
"76-3","228000207"
"76-4","228000208"
"76-5","228000209"
"82-1","228000214"
"97","228000218"
"76-1","228000223"
"73-2","228000232"
"73-3","228000233"
"73-5","228000234"
"20","228000238"
"85","228000246"
"690","228000249"
"10-1","228000250"
"92-1","228000251"
"10-2","228000255"
"14","228000258"
"14-1","228000259"
"5006","228000262"
"5007","228000263"
"16","228000266"
"14-3","228000267"
"65","228000268"
"102","228000269"
"105","228000270"
"5700B","228000271"
"970","228000273"
"77","228000274"
"10-6","228000276"
"10-7","228000277"
"11-1","228000278"
"88-1","228000281"
"55","228000286"
"99","228000287"
"94","228000385"
"5000A","228000388"
"13","228000390"
"24-3","228000391"
"7007-1","228000393"
"5002A","228000394"
"5700A","228000395"
"100","228000396"
"45","228000397"
"P9241(출근)","228000398"
"P9241(퇴근)","228000399"
"P9201(출근)","228000400"
"P9201(퇴근)","228000401"
"101","228000402"
"21","228000403"
"P9211(출근)","228000404"
"P9211(퇴근)","228000405"
"78","228000406"
"Y1201","228000407"
"Y1202","228000408"
"Y1301","228000409"
"Y1302","228000410"
"Y1302","228000410"
"M4455","228000412"
"4101","228000413"
"4101","228000413"
"10-3","228000416"
"25","228000417"
"1101N","228000418"
"5600(예약)","228000420"
"5001-1(예약)","228000421"
"5001(예약)","228000422"
"5001(예약)","228000422"
"5005(예약)","228000423"
"5005(예약)","228000423"
"5003(예약)","228000424"
"용인시광역콜버스","228000426"
"용인시광역콜버스","228000426"
"5600(급행)","228000427"
"5001-1(급행)","228000428"
"5001-1(급행)","228000428"
"5001A","228000429"
"5001-1A","228000430"
"5003A","228000431"
"5003A","228000431"
"N1","228000432"
"1560B","228000433"
"1560B","228000433"
"관광DRT","228000434"
"5700(예약)","228000435"
"5700(예약)","228000435"
"5000(예약)","228000436"
"5000(예약)","228000436"
"14-2","228000437"
"Y55","228000438"
"4104","228000441"
"9241","228000442"
"P9242(출근)","233000334"
"P9242(퇴근)","233000335"
"6900","234000027"
"1113","234000042"
"1005","234000065"
"1117","234000069"
"1117","234000069"
"1303","234000130"
"1550","234000136"
"5500-2","234000148"
"1500-2","234000313"
"M4101","234000875"
"8100","234000878"
"1101","234000879"
"1150","234000882"
"1560A","234000884"
"1560A","234000884"
"1570","234001271"
"P9243(출근)","234001709"
"P9243(출근)","234001709"
"P9243(퇴근)","234001710"
"810","241332001"
"810-1","241332003"
"810-2","241332004"
"11","241419001"
"15","241419002"
"17-1","241419004"
"17","241419006"
"17","241419006"
"14-1","241419007"
"14","241419008"
"14","241419008"
"15-2","241419009"
"15-3","241419011"
"14-3","241419012"
"14-3","241419012"
"14-4","241419013"
"14-4","241419013"
"15-4","241419014"
"88C","241419015"
"88C","241419015"
"15-5","241419016"
"15-5","241419016"
"1","241420001"
"1","241420001"
"16","241420002"
"16","241420002"
"5","241420003"
"5","241420003"
"82","241420004"
"82","241420004"
"2-1","241420005"
"2-1","241420005"
"82-1","241420006"
"82-1","241420006"
"1-1","241420007"
"1-1","241420007"
"5-1","241420008"
"99","241420009"
"88A","241420010"
"88A","241420010"
"88A","241420010"
"88A","241420010"
"88B","241420011"
"88B","241420011"
"88B","241420011"
"88B","241420011"
"801","241420012"
"35","241421001"
"35","241421001"
"35-1","241421002"
"35-2","241421003"
"35-2","241421003"
"35-3","241421004"
"29","241421005"
"29-1B","241421006"
"39-2","241421007"
"39-2","241421007"
"57B","241421008"
"57-1","241421009"
"57-1","241421009"
"57-2","241421010"
"57-2","241421010"
"59-1A","241421011"
"59-1B","241421012"
"29-1A","241421013"
"57A","241421014"
"23","241422001"
"20","241422002"
"23-1A","241422003"
"20-1A","241422004"
"23-2","241422005"
"23-2","241422005"
"20-2","241422006"
"20-2","241422006"
"20-1B","241422007"
"23-1B","241422008"
"23-1B","241422008"
"23-1C","241422009"
"49A","241422010"
"49B","241422011"
"49B","241422011"
"50","241422012"
"22","241423001"
"57","241423006"
"57","241423006"
"59","241423008"
"39","241423012"
"39-1","241423013"
"33","241424001"
"33","241424001"
"34","241424002"
"36","241424003"
"31","241424005"
"28","241424006"
"31-1","241424008"
"31-1","241424008"
"34-1","241424010"
"34-2","241424011"
"34-2","241424011"
"80","241424012"
"80-1","241424013"
"33-2","241424015"
"31-2","241424016"
"31-2","241424016"
"33-1A","241424017"
"33-1B","241424018"
"80-2A","241424019"
"80-2B","241424020"
"501","241424021"
"31N","241424022"
"54","241425001"
"19","241425002"
"51","241425003"
"51","241425003"
"18","241425006"
"18","241425006"
"32","241425007"
"32","241425007"
"38","241425008"
"38","241425008"
"53","241425010"
"30","241425012"
"30","241425012"
"55","241425013"
"55","241425013"
"56","241425014"
"56","241425014"
"58","241425015"
"58","241425015"
"17A","241425016"
"17B","241425017"
"18-1","241425018"
"18-1","241425018"
"28-2","241425020"
"28-2","241425020"
"58-1","241425021"
"58-1","241425021"
"58-2","241425022"
"58-2","241425022"
"38-1","241425023"
"38-1","241425023"
"53-1","241425024"
"51-2A","241425030"
"51-2A","241425030"
"51-1","241425031"
"51-1","241425031"
"18-2","241425032"
"51-2B","241425033"
"56-1","241425034"
"28-1","241425036"
"28-1","241425036"
"28-3","241425038"
"28-3","241425038"
"5","241426001"
"5-3","241426002"
"5-4","241426003"
"201","241426004"
"26","241427001"
"21","241427002"
"26-1","241427003"
"26-1","241427003"
"21-1","241427004"
"26-2","241427005"
"26-2","241427005"
"26-3","241427008"
"502","241427009"
"25","241428003"
"24","241428004"
"40","241428005"
"G3900","226000022"
"21","226000032"
"21","226000032"
"03","241392001"
"10","241395002"
"10","241395002"
"08","241397007"
"08A","241397014"
"08A","241397014"
"11","241401001"
"12","241401002"
"13","241401003"
"14","241401004"
"06","241402001"
"06-1(A)","241402002"
"06-1(A)","241402002"
"06-2","241402003"
"06-2","241402003"
"09A","241453003"
"09B","241453004"
"02","241453013"
"05","241453015"
"05","241453015"
"05-1","241453016"
"07-1","241453017"
"05-1A","241453018"
"72-1","207000002"
"1-9","207000003"
"10-1","207000004"
"1-1","207000009"
"3","207000019"
"7","207000021"
"7","207000021"
"11","207000025"
"133","207000026"
"36","207000027"
"23","207000033"
"5","207000034"
"8","207000035"
"1-5","207000052"
"25-1","207000068"
"10-2","207000085"
"10-3","207000093"
"12","207000097"
"1-7","207000098"
"G6000","207000099"
"56","207000100"
"1-8","207000101"
"G6100","207000102"
"360","207000103"
"1102","207000104"
"G6000N","207000105"
"G6100N","207000106"
"G6100N","207000106"
"57-1","207000107"
"57-1","207000107"
"1205","207000109"
"106-1","207000110"
"학생02-B","207000114"
"학생02-B","207000114"
"학생03-A","207000115"
"학생03-A","207000115"
"학생03-B","207000116"
"학생03-B","207000116"
"학생01-B","207000117"
"학생01-B","207000117"
"학생02-A","207000118"
"학생02-A","207000118"
"학생01-A","207000119"
"학생01-A","207000119"
"8409","234001246"
"8401","234001426"
"8401","234001426"
"P9401(출근)","234001711"
"P9401(퇴근)","234001712"
"P9402(출근)","234001713"
"P9402(퇴근)","234001714"
"P9404(출근)","234001715"
"P9404(출근)","234001715"
"P9404(퇴근)","234001716"
"P9404(퇴근)","234001716"
"35","238000001"
"208","241233001"
"208-5","241233002"
"208-2","241233003"
"208-1","241233004"
"206","241235001"
"206-1","241235002"
"206(귀락)","241235005"
"206-5(A)","241235006"
"206-3","241235007"
"206-5(B)","241235008"
"202","241236001"
"202-1","241236002"
"203","241236003"
"203-1","241236004"
"203-2","241236005"
"의정부01","241236007"
"207","241237001"
"207-1","241237002"
"201둔배미","241239001"
"201보충대","241239002"
"201-1","241239003"
"205-1","241240001"
"205","241240002"
"24-1","230000088"
"25-6","230000097"
"28-21","230000100"
"20-31","230000106"
"22-23","230000110"
"20-5","230000116"
"20-9","230000117"
"29","230000120"
"25-1","230000122"
"28-70","230000123"
"21-2","230000127"
"21-1","230000128"
"24-3","230000130"
"29-10","230000131"
"28-81","230000140"
"28-82","230000142"
"20-51","230000143"
"20-61","230000144"
"21-81","230000178"
"G2100","230000179"
"220","230000180"
"230","230000181"
"240","230000182"
"250","230000183"
"3401","230000184"
"25-10","230000185"
"이천똑버스01","230000186"
"이천똑버스02","230000187"
"이천똑버스03","230000188"
"211","230000189"
"212","230000190"
"551","230000191"
"281","230000192"
"231","230000193"
"282","230000194"
"114","234000039"
"111","234000078"
"21-31","234000435"
"21-3","234000436"
"23-81","234000438"
"20-54","234000441"
"28-2","234000449"
"28-2","234000449"
"28-3","234000451"
"28-3","234000451"
"28-4","234000452"
"28-4","234000452"
"28-41","234000453"
"28-51","234000454"
"28-51","234000454"
"28-6","234000455"
"28-6","234000455"
"28-7","234000456"
"28-7","234000456"
"20-3","234000457"
"20-3","234000457"
"28-8","234000458"
"28-8","234000458"
"28-9","234000459"
"28-56","234000460"
"23-8","234000462"
"23-8","234000462"
"23-9","234000463"
"23-9","234000463"
"24-4","234000466"
"24-4","234000466"
"21-4","234000468"
"21-4","234000468"
"24-7","234000469"
"24-7","234000469"
"24-31","234000472"
"24-5","234000476"
"29-4","234000480"
"25","234000523"
"25-2","234000525"
"25-31","234000527"
"25-3","234000528"
"26-1","234000535"
"28-5","234000751"
"28-5","234000751"
"22-1","234000755"
"22-1","234000755"
"22-3","234000756"
"22-3","234000756"
"22-4","234000757"
"22-4","234000757"
"23","234000759"
"23","234000759"
"23-1","234000762"
"23-1","234000762"
"23-2","234000763"
"23-2","234000763"
"23-31","234000764"
"23-13","234000765"
"23-3","234000766"
"23-4","234000768"
"23-4","234000768"
"23-5","234000769"
"23-71","234000770"
"23-71","234000770"
"23-7","234000771"
"22-2","234000777"
"22-2","234000777"
"23-6","234000900"
"22-8","234001062"
"21-8","234001063"
"21-8","234001063"
"23-92","234001074"
"28-50","234001077"
"28-71","234001078"
"22-11","234001079"
"22-21","234001081"
"22-24","234001082"
"22-30","234001083"
"23-93","234001084"
"23-70","234001088"
"23-90","234001089"
"24-44","234001092"
"24-45","234001093"
"25-20","234001099"
"23-50","234001100"
"29-40","234001116"
"23-94","234001128"
"23-94","234001128"
"21-30","234001133"
"28-30","234001174"
"28-31","234001178"
"28-40","234001179"
"28-42","234001180"
"28-53","234001182"
"28-90","234001185"
"28-91","234001186"
"29-95","234001201"
"29-95","234001201"
"21-14","234001202"
"20-33","234001206"
"23-12","234001209"
"23-12","234001209"
"23-41","234001211"
"25-11","234001213"
"26-11","234001218"
"20-6","234001220"
"28-72","234001223"
"23-80","234001224"
"22-22","234001284"
"21-32","234001287"
"23-82","234001288"
"21-9","234001456"
"21-9","234001456"
"22-25","234001462"
"22-7","234001463"
"22-81","234001464"
"22-81","234001464"
"25-21","234001468"
"25-21","234001468"
"26-12","234001469"
"28-43","234001470"
"28-92","234001471"
"28-83","234001475"
"22-9","234001478"
"21-33","234001517"
"20-53","234001528"
"21-91","234001529"
"28-55","234001537"
"28-54","234001538"
"26-10","234001561"
"21-18","234001566"
"21-19","234001567"
"26-13","234001580"
"24","234001581"
"23-32","234001606"
"23-32","234001606"
"5","234001610"
"6","234001611"
"7","234001612"
"28-20","234001613"
"24-33","234001614"
"210","234001688"
"200","234001689"
"3400","218000117"
"3400","218000117"
"3400","218000117"
"11","229000001"
"11-1","229000002"
"12","229000003"
"30","229000010"
"17","229000013"
"9710","229000023"
"3","229000025"
"31","229000027"
"93","229000033"
"93","229000033"
"70","229000034"
"90","229000038"
"90","229000038"
"92","229000042"
"22","229000064"
"600","229000067"
"G7111","229000072"
"G7111","229000072"
"22-1","229000076"
"37","229000084"
"52","229000088"
"10","229000101"
"95","229000108"
"G7426","229000111"
"G7625","229000112"
"77-1","229000116"
"77-2","229000117"
"77-3","229000118"
"77-3","229000118"
"15","229000121"
"93-3","229000127"
"93-4","229000128"
"93-5","229000129"
"93-6","229000130"
"93-7","229000131"
"37-1","229000132"
"37-2","229000133"
"93-8","229000134"
"93-8","229000134"
"93-9","229000135"
"20-1","229000136"
"93-1","229000137"
"20","229000138"
"93-10","229000139"
"93-2","229000140"
"92-1","229000143"
"23","229000236"
"93-12","229000240"
"93-11","229000242"
"313","229000243"
"313-1","229000244"
"9710-1","229000247"
"93-13","229000249"
"93-14","229000250"
"75","229000251"
"75-1","229000252"
"19","229000261"
"19-1","229000262"
"9709","229000263"
"22-2","229000264"
"7101","229000273"
"7101","229000273"
"70-1","229000276"
"9709N","229000277"
"M7154","229000281"
"7111-1","229000282"
"7111-1","229000282"
"80","229000283"
"150","229000284"
"567","229000285"
"900","229000286"
"9","229000287"
"2200","229000288"
"9030","229000289"
"9030-1","229000290"
"9030-1","229000290"
"9030-1","229000290"
"101","229000291"
"202","229000292"
"3100N","229000294"
"3100N","229000294"
"3100","229000295"
"5000","234001740"
"085","241209001"
"G101","241256001"
"G101","241256001"
"G201","241256002"
"G201","241256002"
"G301","241256003"
"G301","241256003"
"G102","241256004"
"G102","241256004"
"G202","241256005"
"G202","241256005"
"G302","241256006"
"G302","241256006"
"M101","241256007"
"M101","241256007"
"M201","241256008"
"M201","241256008"
"M102","241256009"
"M102","241256009"
"M202","241256010"
"M202","241256010"
"034","241433001"
"038","241433002"
"073","241433003"
"078","241433004"
"083","241433005"
"087","241433006"
"088","241433007"
"088","241433007"
"034-1","241433008"
"061","241434001"
"062","241434002"
"061-1","241434003"
"061-1","241434003"
"021","241434004"
"059","241434005"
"092","241434006"
"092","241434006"
"093","241434007"
"093","241434007"
"093-1","241434008"
"093-1","241434008"
"091","241434009"
"051A","241438001"
"051B","241438002"
"058A","241438005"
"058A(임진각)","241438006"
"058B","241438007"
"058B(임진각)","241438008"
"032","241439002"
"032","241439002"
"033-1","241439004"
"030","241439005"
"033","241439006"
"080A","241439010"
"080B","241439011"
"081","241439012"
"025","241439016"
"036","241439017"
"064","241439018"
"064쌍둥이","241439019"
"064재활용","241439020"
"065","241441001"
"066","241441002"
"065(봉고등교)","241441003"
"065(봉중등교)","241441004"
"065(봉중하교)","241441005"
"065(봉고하교)","241441008"
"055","241441009"
"063","241441010"
"074","241441011"
"037","241441012"
"024","241441013"
"026","241441014"
"072","241441015"
"017","241443003"
"068","241454002"
"022","241454003"
"023","241454004"
"069","241454007"
"084","241454010"
"086","241454011"
"084(와석초)","241454012"
"084(와석초)","241454012"
"084(심야)","241454013"
"089","241454014"
"089","241454014"
"075","241454015"
"076","241454016"
"077","241454017"
"084-1","241454018"
"086-1","241454019"
"052","241454020"
"090","241454021"
"071","241454022"
"082","241454023"
"070A","241454025"
"070B","241454026"
"U1","241458100"
"U1","241458100"
"U101","241458101"
"U101","241458101"
"U102","241458102"
"U102","241458102"
"U103","241458103"
"U103","241458103"
"U104","241458104"
"U104","241458104"
"U105","241458105"
"U105","241458105"
"U2","241458200"
"U2","241458200"
"U201","241458201"
"U201","241458201"
"U202","241458202"
"U202","241458202"
"U203","241458203"
"U203","241458203"
"U204","241458204"
"U204","241458204"
"U205","241458205"
"U205","241458205"
"1502","214000001"
"1215","214000005"
"1522","214000006"
"1311","214000014"
"1220","214000018"
"1220","214000018"
"1371","214000019"
"1372","214000020"
"1108","214000021"
"1108","214000021"
"1150","214000022"
"1409","214000039"
"순환121","214000043"
"80","214000052"
"98","214000053"
"82","214000054"
"81-1","214000055"
"83","214000056"
"84","214000060"
"85","214000067"
"86","214000070"
"6396","214000079"
"93","214000080"
"91","214000081"
"99","214000148"
"1731","214000156"
"1731","214000156"
"320-1","214000159"
"810","214000160"
"313","214000169"
"302","214000171"
"6881","214000173"
"300","214000177"
"300-1","214000178"
"310-1","214000179"
"320","214000180"
"873","214000187"
"1199","214000194"
"1000","214000244"
"1361","214000245"
"1177","214000248"
"315","214000251"
"1183","214000254"
"8000","214000255"
"순환111A","214000256"
"순환111B","214000257"
"순환311","214000258"
"1452","214000259"
"1452","214000259"
"평택똑버스01","214000261"
"1155","214000262"
"순환123A","214000263"
"1451","214000264"
"1451","214000264"
"순환122A","214000267"
"1353","214000268"
"순환122B","214000269"
"순환123B","214000270"
"1154","214000271"
"1456","214000272"
"6802","214000273"
"6601","214000274"
"8204","214000275"
"5503","214000276"
"6800","228000411"
"8203","228000425"
"M5438","234001660"
"6600","234001697"
"6801","234001739"
"5401","234001742"
"33A","241208001"
"33A","241208001"
"33B","241208002"
"33B","241208002"
"5","241282001"
"5","241282001"
"16","241282003"
"16","241282003"
"16-1","241282004"
"77","241282006"
"77","241282006"
"77","241282006"
"77-1","241282007"
"77-1","241282007"
"10","241282009"
"10","241282009"
"15","241282010"
"15","241282010"
"99","241282011"
"99","241282011"
"31","241282012"
"31","241282012"
"32","241282013"
"32","241282013"
"6","241283001"
"6","241283001"
"6-1","241283002"
"6-1","241283002"
"8","241283003"
"8","241283003"
"8-1","241283004"
"13A","241283005"
"13B","241283006"
"22","241283007"
"66A","241283008"
"66A","241283008"
"66B","241283009"
"66-2","241283010"
"663","241283011"
"663","241283011"
"666","241283012"
"23","241283013"
"8-2A","241283014"
"8-2B","241283015"
"55","241284001"
"55","241284001"
"88A","241284002"
"5-5","241284003"
"5-1","241284005"
"5-1","241284005"
"5-3","241284006"
"5-3","241284006"
"88B","241284007"
"11-1가곡.사기막","241285001"
"11가곡.사기.성은","241285002"
"11-2","241285003"
"11-3","241285004"
"11-3","241285004"
"11-4","241285005"
"11-6","241285007"
"11-1가곡.아리실","241285008"
"11-1가곡.아리실","241285008"
"11-1가곡.수역","241285009"
"11-1가곡.남사","241285010"
"11-1가곡.남사","241285010"
"11-1가곡.오산역","241285011"
"11-1가곡.오산역","241285011"
"11가곡.순지.성은","241285012"
"11가곡.성은","241285013"
"7","241286001"
"9","241286002"
"3100","207000070"
"56-7","236000009"
"53","236000012"
"55","236000013"
"63","236000015"
"57-1","236000019"
"73","236000023"
"60-1","236000025"
"60","236000039"
"56","236000041"
"62","236000044"
"57","236000046"
"72","236000048"
"138","236000049"
"72-3","236000052"
"2-1","236000056"
"2","236000057"
"66-1","236000058"
"138-5","236000061"
"1386","236000063"
"33","236000066"
"7","236000068"
"66","236000070"
"1","236000117"
"8","236000140"
"3","236000141"
"68","236000145"
"67","236000146"
"3200","236000149"
"9","236000153"
"10","236000154"
"3500","236000176"
"7-1","236000188"
"3600","236000190"
"88","236000194"
"87-1","236000196"
"87-3","236000197"
"87-5","236000198"
"89","236000202"
"87-4","236000204"
"11","236000207"
"86","236000208"
"73-1","236000210"
"11-1","236000211"
"10-1","236000213"
"10-2","236000214"
"60-2","236000215"
"77","236000217"
"3-1","236000218"
"9-1","236000219"
"3006","236000222"
"3006","236000222"
"73-3","236000223"
"12","236000224"
"69","236000225"
"9-2","236000226"
"56-1","236000227"
"77-1","236000228"
"85","236000230"
"85-1","236000231"
"88-1","236000232"
"1403","236000234"
"90","236000235"
"90-1","236000236"
"3100N","236000237"
"6","236000238"
"6-1","236000239"
"30","236000241"
"31","236000242"
"100","236000243"
"91","236000244"
"137","236000245"
"201","236000246"
"201","236000246"
"200","236000247"
"200","236000247"
"92","236000248"
"3-2","236000249"
"3-2","236000249"
"35","236000250"
"65","236000251"
"56-2","236000252"
"20","236000253"
"36","236000254"
"35-1","236000255"
"포춘버스포천권역","236000256"
"포춘버스포천권역","236000256"
"포춘버스소흘권역","236000257"
"포춘버스소흘권역","236000257"
"202","236000258"
"202","236000258"
"30-5","227000001"
"81","227000002"
"30","227000003"
"38","227000004"
"112-5","227000005"
"30-3","227000006"
"9302","227000016"
"31","227000017"
"9303","227000019"
"9202","227000035"
"87","227000036"
"3000","227000038"
"9303-1","227000039"
"9304","227000040"
"35","227000043"
"89","227000044"
"배알미-01","227000045"
"초이-01","227000046"
"33","227000047"
"36","227000048"
"하남똑버스01","227000049"
"하남똑버스02","227000050"
"9301","234000309"
"100","241408001"
"3","241408002"
"10","241408004"
"미사-01","241408006"
"7","241409005"
"8","241409006"
"위례-01","241409009"
"감북-01","241409010"
"초이-02","241409011"
"2","241410001"
"2","241410001"
"22","241410004"
"미사-01","241410005"
"미사-01","241410005"
"교산-01","241410006"
"1","241411001"
"50","241412003"
"5","241412004"
"미사-02","241412005"
"초이-03","241412006"
"초이-04","241412007"
"400","200000008"
"999","200000013"
"50-3","200000014"
"50-2","200000016"
"50-4","200000018"
"50-5","200000020"
"50-6","200000022"
"11","200000060"
"7790","200000149"
"7790","200000149"
"15-1","200000152"
"5-2","200000237"
"5-3","200000282"
"3102","216000061"
"3102","216000061"
"310","216000064"
"310","216000064"
"310","216000064"
"701A","223000032"
"708","223000056"
"73","223000058"
"1004","233000004"
"330","233000005"
"33-1","233000010"
"2","233000013"
"4","233000015"
"5-2","233000019"
"5-4","233000021"
"5-4","233000021"
"15","233000022"
"14","233000024"
"9","233000025"
"19","233000026"
"3-1","233000027"
"3","233000028"
"2-4","233000029"
"2-3","233000030"
"16","233000034"
"2-2","233000035"
"18","233000036"
"4-1","233000038"
"6","233000040"
"11","233000041"
"6-2","233000043"
"17","233000044"
"6-3","233000045"
"8","233000046"
"8-3","233000047"
"1","233000048"
"8-2","233000049"
"1-1","233000051"
"2-1","233000052"
"7-1","233000056"
"8-1","233000057"
"8-1","233000057"
"8-1","233000057"
"7","233000058"
"11-5","233000059"
"11-2","233000060"
"11-4","233000062"
"10","233000064"
"1004-1","233000067"
"1000","233000077"
"20","233000079"
"21","233000080"
"24","233000081"
"23","233000085"
"25","233000094"
"26","233000095"
"27","233000096"
"340-1","233000117"
"1008","233000125"
"712","233000128"
"6001","233000131"
"116-3","233000133"
"8501","233000135"
"8501","233000135"
"6002","233000136"
"8155","233000139"
"1002","233000140"
"6002-1","233000142"
"710","233000252"
"203","233000254"
"8156","233000258"
"4403","233000265"
"6003","233000266"
"28","233000267"
"200","233000268"
"4108","233000270"
"39","233000274"
"65","233000275"
"116-5","233000276"
"67","233000277"
"205","233000281"
"8000","233000311"
"340-2","233000320"
"6008","233000321"
"G6009","233000322"
"7200","233000325"
"1006","233000326"
"G6010","233000327"
"G1003","233000328"
"G8157","233000329"
"H101","233000330"
"H103","233000331"
"M4448","233000332"
"8502","233000333"
"8502","233000333"
"P9301(출근)","233000336"
"P9301(퇴근)","233000337"
"P9302(출근)","233000338"
"P9302(퇴근)","233000339"
"H102","233000340"
"H102","233000340"
"H104","233000342"
"H105","233000343"
"H106","233000344"
"H121","233000345"
"H122","233000346"
"H120A","233000347"
"H120B","233000348"
"M4449","233000354"
"H161","233000368"
"H160","233000369"
"400A","233000377"
"H404","233000378"
"H100","233000379"
"H130","233000382"
"H340","233000383"
"7790(예약)","233000384"
"화성똑버스01","233000385"
"화성똑버스03","233000386"
"H123","233000387"
"18","233000389"
"24","233000390"
"8156(예약)","233000391"
"6011","233000392"
"화성시광역콜버스","233000393"
"220","233000394"
"210","233000395"
"211","233000396"
"8155(예약)","233000397"
"H124","233000398"
"H107","233000399"
"화성똑버스05","233000408"
"화성똑버스04","233000409"
"화성똑버스04","233000409"
"H1","233000415"
"H2","233000416"
"H10-4","233000417"
"H10-7","233000419"
"H10-8","233000420"
"H13-5","233000421"
"H13-7","233000422"
"H50-4B","233000423"
"208(임시)","233000424"
"동탄역1(출근)","233000425"
"동탄역1(출근)","233000425"
"6012","233000426"
"5101","233000441"
"H404-1","233000444"
"1007","234000015"
"720-3","234000068"
"1009","234000310"
"6004","234000314"
"M4403","234000995"
"1551","234001138"
"M4108","234001245"
"1551B","234001290"
"721","234001568"
"116-2","234001570"
"M4130","234001577"
"M4434","234001619"
"M4137","234001622"
"5300-1","241007259"
"7-1","241205003"
"7-1","241205003"
"9","241205007"
"9","241205007"
"9-1","241205008"
"3-2","241205011"
"3-2","241205011"
"50","241205012"
"76","241205013"
"77","241205014"
"78","241205015"
"79","241205016"
"80","241205017"
"80","241205017"
"333","241205019"
"709","241205020"
"709","241205020"
"709-1","241205021"
"709-1","241205021"
"H4","241205022"
"H4","241205022"
"H5","241205023"
"H5","241205023"
"H6(A)","241205024"
"H6(A)","241205024"
"H6(B)","241205025"
"H6(B)","241205025"
"50-3","241205028"
"50-3","241205028"
"H8","241205029"
"H8","241205029"
"동탄역1(퇴근)","241205030"
"동탄역2(퇴근)","241205031"
"동탄역5(출근)","241205032"
"동탄역5(퇴근)","241205033"
"동탄역7(출근)","241205034"
"동탄역7(퇴근)","241205035"
"H50-3","241211008"
"H50-3","241211008"
"H50-4A","241211009"
"H50-6A","241211011"
"H50-7","241211013"
"H50","241211014"
"H51","241211015"
"H52","241211016"
"H50-6B","241211020"
"H50-9","241211021"
"H50(축제)","241211022"
"20(마산포)","241231001"
"20(마산포)","241231001"
"20(어도동네)","241231002"
"20(어도동네)","241231002"
"1","241231004"
"1","241231004"
"공영2(삼존)","241231008"
"공영2(송정)","241231009"
"공영2(송정)","241231009"
"4","241231018"
"4","241231018"
"20-2","241231023"
"20-2","241231023"
"20-1","241231026"
"20-1","241231026"
"20-3(신남)","241231028"
"20-3(신남)","241231028"
"20-3(쌍송)","241231030"
"3(마산포)","241231032"
"3","241231033"
"3","241231033"
"20-4","241231037"
"20-4","241231037"
"22-2","241234002"
"22-3(장전)","241234003"
"22-3(신경대)","241234004"
"22-3(신경대)","241234004"
"6-3","241234006"
"22","241234008"
"6-4","241234009"
"6-4","241234009"
"50-1","241234010"
"50-1","241234010"
"19","241317002"
"19-1","241317004"
"19-2","241317006"
"19-3","241317008"
"39","241317009"
"H17","241317012"
"H9","241317015"
"H11","241317016"
"H12","241317017"
"19-5(A)","241317018"
"19-5(B)","241317019"
"동탄역3(출근)","241317020"
"동탄역3(퇴근)","241317021"
"동탄역4(출근)","241317022"
"동탄역4(퇴근)","241317023"
"동탄역1(출근)","241317024"
"동탄역2(출근)","241317025"
"동탄역8(출근)","241317026"
"동탄역8(퇴근)","241317027"
"5","241318001"
"6","241318003"
"H15","241318005"
"H15","241318005"
"H20","241318006"
"H19","241318008"
"11-2","241323002"
"11-2","241323002"
"11","241323003"
"11","241323003"
"12","241323004"
"12","241323004"
"13","241323005"
"13","241323005"
"13A","241323009"
"13A","241323009"
"17","241324001"
"27","241324002"
"27-2","241324004"
"17-1","241324005"
"50-2","241335001"
"50-2","241335001"
"7(아침)","241335027"
"7(송라)","241335029"
"7(야목)","241335030"
"7(매송)","241335031"
"7(매송)","241335031"
"50-2(오전)","241335034"
"50-2(오후)","241335035"
"50-2(A)","241335036"
"50-2(A)","241335036"
"50-2(신남)","241335037"
"H3","241335038"
"H3","241335038"
"서해선셔틀","241335039"
"서해선셔틀","241335039"
"서해선셔틀","241335039"
"50-8","241445010"
"50-8","241445010"
"22-5","241445012"
"22-5","241445012"
"22-4","241445014"
"22-4","241445014"
"20-5","241445016"
"20-5","241445016"
"5","241445020"
"5","241445020"
"20-6","241445022"
"20-6","241445022"
"50-5(고잔)","241445023"
"50-5(고잔)","241445023"
"50-5(새솔)","241445024"
"50-5(새솔)","241445024"
"22-6","241459001"
"22-6","241459001"
"22-7","241459002"
"22-7","241459002"
"12","241485006"
"10-2","241485017"
"10","241485018"
"10-1","241485019"
"10-3","241485020"
"10-5","241485022"
"36-2","241485023"
"36-3","241485024"
"36-1","241485025"
"36","241485031"
"39","241485033"
"39-1","241485034"
"39-2","241485035"
"13-3","241485039"
"13-2","241485040"
"13-1","241485041"
"10-3A","241485044"
"36A","241485045"
"36-2A","241485046"
"39A","241485047"
"12-1","241485048"
"11-1","241485050"
"13-1A","241485056"
"13-3A","241485057"
"31","241488001"
"6-1","241488002"
"31-1","241488003"
"31-1","241488003"
"31-2","241488006"
"E1","241488007"
"6-2","241488008"
"35-1(A)","241491002"
"35-1(A)","241491002"
"35-2","241491004"
"35-2","241491004"
"38","241491008"
"100","241491010"
"38-1","241491011"
"100(A)","241491012"
"35-1(B)","241491014"
"35-1(B)","241491014"
"동탄역6(출근)","241491015"
"동탄역6(퇴근)","241491016"
